Date,AAPL,SPY,GOOGL
2020-01-02,72.7960205078125,301.1948547363281,68.18681335449219
2020-01-03,72.0882797241211,298.9142150878906,67.83010864257812
2020-01-06,72.66271209716797,300.0545654296875,69.63805389404297
2020-01-07,72.32096862792969,299.21087646484375,69.50354766845703
2020-01-08,73.4843521118164,300.8055114746094,69.99825286865234
2020-01-09,75.04523468017578,302.84521484375,70.73309326171875
2020-01-10,75.21488189697266,301.97369384765625,71.18992614746094
2020-01-13,76.82181549072266,304.0505065917969,71.7414321899414
2020-01-14,75.78445434570312,303.5869445800781,71.2711410522461
2020-01-15,75.45967102050781,304.27301025390625,71.7000732421875
2020-01-16,76.40492248535156,306.8040466308594,72.24610137939453
2020-01-17,77.25081634521484,307.7589111328125,73.70880126953125
2020-01-21,76.72727966308594,307.15631103515625,73.84481048583984
2020-01-22,77.00115203857422,307.1933898925781,73.9255142211914
2020-01-23,77.37199401855469,307.54571533203125,73.96636962890625
2020-01-24,77.14898681640625,304.8106689453125,73.04370880126953
2020-01-27,74.88040924072266,299.9248352050781,71.32793426513672
2020-01-28,76.99871826171875,303.067626953125,72.26304626464844
2020-01-29,78.61050415039062,302.8174133300781,72.57191467285156
2020-01-30,78.49655151367188,303.8001403808594,72.44986724853516
2020-01-31,75.0161361694336,298.28375244140625,71.38024139404297
2020-02-03,74.81012725830078,300.4995422363281,73.86223602294922
2020-02-04,77.2798843383789,305.07952880859375,72.00946044921875
2020-02-05,77.91004180908203,308.6026611328125,72.04134368896484
2020-02-06,78.82135009765625,309.64105224609375,73.53193664550781
2020-02-07,77.74996948242188,307.9906921386719,73.6883773803711
2020-02-10,78.1192398071289,310.28997802734375,75.16053771972656
2020-02-11,77.64791870117188,310.8277282714844,75.23028564453125
2020-02-12,79.49187469482422,312.83038330078125,75.65724182128906
2020-02-13,78.92581176757812,312.4966125488281,75.39618682861328
2020-02-14,78.94526672363281,312.9971923828125,75.66221618652344
2020-02-18,77.49972534179688,312.1905822753906,75.69759368896484
2020-02-19,78.62213134765625,313.6833190917969,75.96810913085938
2020-02-20,77.81555938720703,312.3945617675781,75.57553100585938
2020-02-21,76.05419921875,309.1774597167969,73.90508270263672
2020-02-24,72.44159698486328,298.9234313964844,70.736572265625
2020-02-25,69.98784637451172,289.865478515625,69.06563568115234
2020-02-26,71.09809112548828,288.7991943359375,69.27238464355469
2020-02-27,66.45054626464844,275.828857421875,65.51001739501953
2020-02-28,66.41167449951172,274.6699523925781,66.72062683105469
2020-03-02,72.59463500976562,286.5648193359375,69.06563568115234
2020-03-03,70.28910064697266,278.35986328125,66.64441680908203
2020-03-04,73.54940795898438,290.0601501464844,68.83048248291016
2020-03-05,71.16371154785156,280.4179992675781,65.50055694580078
2020-03-06,70.21864318847656,275.782470703125,64.55299377441406
2020-03-09,64.6648941040039,254.245361328125,60.5699348449707
2020-03-10,69.32217407226562,267.4013366699219,63.52820587158203
2020-03-11,66.91458129882812,254.36587524414062,60.32630920410156
2020-03-12,60.30644226074219,230.02883911132812,55.37675476074219
2020-03-13,67.53164672851562,249.69314575195312,60.494205474853516
2020-03-16,58.84392166137695,222.37078857421875,53.45621871948242
2020-03-17,61.43128204345703,234.3770751953125,55.70107650756836
2020-03-18,59.92744827270508,222.50987243652344,54.362430572509766
2020-03-19,59.468284606933594,222.982666015625,55.38273239135742
2020-03-20,55.69291305541992,213.37342834472656,53.21757888793945
2020-03-23,54.50975036621094,207.91786193847656,52.5161247253418
2020-03-24,59.97846984863281,226.75588989257812,56.29642105102539
2020-03-25,59.648067474365234,230.1504669189453,54.88204574584961
2020-03-26,62.78692626953125,243.58892822265625,57.935977935791016
2020-03-27,60.187408447265625,236.3334503173828,55.31248474121094
2020-03-30,61.905025482177734,244.008544921875,57.10847473144531
2020-03-31,61.77870178222656,240.37149047851562,57.88765335083008
2020-04-01,58.52809143066406,229.55360412597656,54.90596008300781
2020-04-02,59.50472640991211,234.85067749023438,55.6497688293457
2020-04-03,58.64955520629883,231.45611572265625,54.43765640258789
2020-04-06,63.76601028442383,247.0021514892578,58.94581604003906
2020-04-07,63.02745056152344,247.25390625,58.9144287109375
2020-04-08,64.64059448242188,255.5538330078125,60.132015228271484
2020-04-09,65.1070327758789,259.4427185058594,60.110591888427734
2020-04-13,66.38494873046875,257.0739440917969,60.301902770996094
2020-04-14,69.73759460449219,264.6557312011719,63.03300476074219
2020-04-15,69.10108184814453,259.0323791503906,62.63793182373047
2020-04-16,69.65015411376953,260.2820129394531,62.644405364990234
2020-04-17,68.70504760742188,267.31365966796875,63.71901321411133
2020-04-20,67.27899932861328,262.6040954589844,62.82973861694336
2020-04-21,65.19937896728516,254.63063049316406,60.38908386230469
2020-04-22,67.07735443115234,260.2820129394531,62.693233489990234
2020-04-23,66.81739044189453,260.2633056640625,63.32892990112305
2020-04-24,68.74638366699219,263.89117431640625,63.59944534301758
2020-04-27,68.79498291015625,267.696044921875,63.313480377197266
2020-04-28,67.67985534667969,266.4649963378906,61.40689468383789
2020-04-29,69.90278625488281,273.44061279296875,66.8666000366211
2020-04-30,71.37747955322266,270.8947448730469,67.09178924560547
2020-05-01,70.22835540771484,263.7231750488281,65.62808990478516
2020-05-04,71.22201538085938,264.4505920410156,65.90608215332031
2020-05-05,72.29096984863281,266.89398193359375,67.20736694335938
2020-05-06,73.03681182861328,265.0848083496094,67.02851867675781
2020-05-07,73.79236602783203,268.2835693359375,68.21671295166016
2020-05-08,75.54875183105469,272.7225341796875,68.96699523925781
2020-05-11,76.737548828125,272.7785339355469,69.92601013183594
2020-05-12,75.86055755615234,267.3416442871094,68.5106430053711
2020-05-13,74.94462585449219,262.6134948730469,67.17298126220703
2020-05-14,75.40502166748047,265.7562561035156,67.59795379638672
2020-05-15,74.95923614501953,266.97796630859375,68.40502166748047
2020-05-18,76.72534942626953,275.11004638671875,69.00884246826172
2020-05-19,76.28201293945312,272.28424072265625,68.4717788696289
2020-05-20,77.76554107666016,276.90985107421875,70.20350646972656
2020-05-21,77.185791015625,274.998046875,70.08344268798828
2020-05-22,77.6827163696289,275.5203552246094,70.40676879882812
2020-05-26,77.15654754638672,278.9148254394531,70.81179809570312
2020-05-27,77.49269104003906,283.0648193359375,70.75749969482422
2020-05-28,77.52680969238281,282.5426025390625,70.65586853027344
2020-05-29,77.45130920410156,283.80157470703125,71.41710662841797
2020-06-01,78.40380096435547,284.9486389160156,71.48436737060547
2020-06-02,78.7667465209961,287.30804443359375,71.85501861572266
2020-06-03,79.20035552978516,291.13153076171875,71.70257568359375
2020-06-04,78.51828002929688,290.3669128417969,70.45957946777344
2020-06-05,80.75455474853516,297.8088684082031,71.74092864990234
2020-06-08,81.23202514648438,301.4086608886719,72.14048767089844
2020-06-09,83.79718017578125,299.1610412597656,72.34175109863281
2020-06-10,85.95305633544922,297.4917907714844,72.97047424316406
2020-06-11,81.82642364501953,280.3417053222656,69.8418197631836
2020-06-12,82.5328598022461,283.698974609375,70.39083099365234
2020-06-15,83.5535659790039,286.3475036621094,70.78041076660156
2020-06-16,85.76792907714844,291.8589782714844,72.06227111816406
2020-06-17,85.64855194091797,290.64666748046875,72.36466217041016
2020-06-18,85.68267059326172,290.7586364746094,71.4469985961914
2020-06-19,85.1930160522461,289.0969543457031,70.97471618652344
2020-06-22,87.42198181152344,290.9515686035156,72.27101135253906
2020-06-23,89.28799438476562,292.291015625,72.93460083007812
2020-06-24,87.71186065673828,284.8350524902344,71.37625885009766
2020-06-25,88.87629699707031,287.8885803222656,71.79473876953125
2020-06-26,86.14551544189453,281.0509338378906,67.88092041015625
2020-06-29,88.13086700439453,285.181640625,69.60617065429688
2020-06-30,88.86656188964844,288.8345947265625,70.64640045166016
2020-07-01,88.6984634399414,290.8579406738281,71.83956909179688
2020-07-02,88.6984634399414,292.4595642089844,73.23103332519531
2020-07-06,91.07115936279297,296.97442626953125,74.71166229248047
2020-07-07,90.78858947753906,293.9114685058594,74.22692108154297
2020-07-08,92.90306854248047,296.15948486328125,74.90845489501953
2020-07-09,93.30257415771484,294.4734802246094,75.65872955322266
2020-07-10,93.46578979492188,297.480224609375,76.67255401611328
2020-07-13,93.03459930419922,294.9043273925781,75.3384017944336
2020-07-14,94.57417297363281,298.72601318359375,75.7683334350586
2020-07-15,95.22460174560547,301.4704895019531,75.57005310058594
2020-07-16,94.05286407470703,300.4775390625,75.472412109375
2020-07-17,93.86286926269531,301.3487243652344,75.56855773925781
2020-07-20,95.8409194946289,303.7840881347656,77.90957641601562
2020-07-21,94.51813507080078,304.4303894042969,77.51500701904297
2020-07-22,94.78369140625,306.1632385253906,77.95988464355469
2020-07-23,90.46946716308594,302.5101623535156,75.5635757446289
2020-07-24,90.24533081054688,300.5618896484375,75.13812255859375
2020-07-27,92.3841781616211,302.7538146972656,76.19528198242188
2020-07-28,90.86653900146484,300.8335266113281,74.91094207763672
2020-07-29,92.60830688476562,304.5333557128906,75.90035247802734
2020-07-30,93.72888946533203,303.4469299316406,76.64067077636719
2020-07-31,103.5412368774414,305.84478759765625,74.12876892089844
2020-08-03,106.15021514892578,307.97100830078125,73.87020874023438
2020-08-04,106.8591079711914,309.16064453125,73.39891815185547
2020-08-05,107.24645233154297,311.080810546875,73.6873779296875
2020-08-06,110.98816680908203,313.1602478027344,74.97570037841797
2020-08-07,108.46479034423828,313.38507080078125,74.64789581298828
2020-08-10,110.04131317138672,314.32171630859375,74.5706787109375
2020-08-11,106.7686767578125,311.7270812988281,73.7596206665039
2020-08-12,110.31705474853516,316.0732727050781,75.08979034423828
2020-08-13,112.26941680908203,315.501953125,75.55859375
2020-08-14,112.16934967041016,315.5112609863281,74.95977020263672
2020-08-17,111.87650299072266,316.5135803222656,75.53816986083984
2020-08-18,112.80875396728516,317.1973876953125,77.5080337524414
2020-08-19,112.9502944946289,315.8766174316406,76.95154571533203
2020-08-20,115.45662689208984,316.8601379394531,78.52783203125
2020-08-21,121.40635681152344,317.984130859375,78.49395751953125
2020-08-24,122.85842895507812,321.2062683105469,78.97122192382812
2020-08-25,121.85052490234375,322.3303527832031,80.00248718261719
2020-08-26,123.50757598876953,325.5618591308594,81.9095687866211
2020-08-27,122.0311050415039,326.2738037109375,81.13188934326172
2020-08-28,121.83345794677734,328.3811950683594,81.6754150390625
2020-08-31,125.96508026123047,327.19171142578125,81.18221282958984
2020-09-01,130.9825897216797,330.27337646484375,82.45509338378906
2020-09-02,128.26885986328125,335.0504455566406,85.55933380126953
2020-09-03,117.99954223632812,323.51995849609375,81.18121337890625
2020-09-04,118.07762145996094,320.87847900390625,78.77494049072266
2020-09-08,110.13159942626953,312.1111145019531,75.90483856201172
2020-09-09,114.52437591552734,318.2745666503906,77.08207702636719
2020-09-10,110.78562927246094,312.7480773925781,76.02689361572266
2020-09-11,109.33113098144531,312.9073791503906,75.51425170898438
2020-09-14,112.61107635498047,317.0287170410156,75.16899871826172
2020-09-15,112.78678131103516,318.6304931640625,76.47875213623047
2020-09-16,109.45804595947266,317.3658752441406,75.3314208984375
2020-09-17,107.71070098876953,314.5746765136719,74.08343505859375
2020-09-18,104.29408264160156,310.9530334472656,72.29242706298828
2020-09-21,107.4568862915039,307.49224853515625,71.24872589111328
2020-09-22,109.1456527709961,310.6239013671875,72.72735595703125
2020-09-23,104.56741333007812,303.4201965332031,70.21495819091797
2020-09-24,105.64122009277344,304.2289123535156,70.88603210449219
2020-09-25,109.60445404052734,309.1473693847656,71.69309997558594
2020-09-28,112.22058868408203,314.2821350097656,72.66956329345703
2020-09-29,111.37133026123047,312.570556640625,73.03624725341797
2020-09-30,113.05033111572266,314.9405212402344,73.01531219482422
2020-10-01,114.00699615478516,316.9623718261719,74.12628936767578
2020-10-02,110.32683563232422,313.9529724121094,72.51712036132812
2020-10-05,113.72390747070312,319.5203552246094,73.87371063232422
2020-10-06,110.46350860595703,314.97808837890625,72.28895568847656
2020-10-07,112.3377456665039,320.46075439453125,72.6934814453125
2020-10-08,112.2303695678711,323.3009033203125,73.90359497070312
2020-10-09,114.18270874023438,326.18798828125,75.24971008300781
2020-10-12,121.43565368652344,331.4356384277344,77.94692993164062
2020-10-13,118.21428680419922,329.2726135253906,78.07048797607422
2020-10-14,118.3021469116211,327.20361328125,77.88964080810547
2020-10-15,117.83358001708984,326.7992248535156,77.49258422851562
2020-10-16,116.18385314941406,326.6017761230469,78.10188293457031
2020-10-19,113.21629333496094,321.6363220214844,76.22119140625
2020-10-20,114.70983123779297,322.9246826171875,77.27388000488281
2020-10-21,114.08509063720703,322.3133850097656,79.01307678222656
2020-10-22,112.9917984008789,324.0814208984375,80.04283905029297
2020-10-23,112.2987060546875,325.18170166015625,81.35408782958984
2020-10-26,112.30846405029297,319.1723327636719,78.92837524414062
2020-10-27,113.8215103149414,318.0720520019531,79.65524291992188
2020-10-28,108.55018615722656,307.2007141113281,75.26715087890625
2020-10-29,112.572021484375,310.3229675292969,77.56282806396484
2020-10-30,106.2659683227539,307.08782958984375,80.51362609863281
2020-11-02,106.1781005859375,310.5298767089844,80.92265319824219
2020-11-03,107.80831146240234,316.0125427246094,81.98578643798828
2020-11-04,112.2108383178711,323.07513427734375,86.97720336914062
2020-11-05,116.19361114501953,329.3760681152344,87.80670166015625
2020-11-06,116.06161499023438,329.30084228515625,87.668701171875
2020-11-09,113.74409484863281,333.438720703125,87.75289154052734
2020-11-10,113.40182495117188,332.9496765136719,86.57217407226562
2020-11-11,116.84388732910156,335.4230041503906,87.04595184326172
2020-11-12,116.57010650634766,332.1691589355469,86.82624053955078
2020-11-13,116.6189956665039,336.7677917480469,88.29293060302734
2020-11-16,117.6359634399414,340.97161865234375,88.38111114501953
2020-11-17,116.74608612060547,339.13775634765625,87.76484680175781
2020-11-18,115.41622924804688,335.0561828613281,86.71763610839844
2020-11-19,116.01270294189453,336.4668884277344,87.61090087890625
2020-11-20,114.74149322509766,334.1628723144531,86.50540924072266
2020-11-23,111.32880401611328,336.16595458984375,86.06600189208984
2020-11-24,112.61954498291016,341.5828857421875,87.8764419555664
2020-11-25,113.46051025390625,341.05621337890625,87.88790130615234
2020-11-27,114.00809478759766,342.006103515625,89.02825927734375
2020-11-30,116.41362762451172,340.491943359375,87.40315246582031
2020-12-01,120.00236511230469,344.216064453125,89.44376373291016
2020-12-02,120.35440826416016,344.9401550292969,90.91890716552734
2020-12-03,120.21748352050781,344.8460998535156,90.76298522949219
2020-12-04,119.54278564453125,347.81787109375,90.85862731933594
2020-12-07,121.00956726074219,347.1031494140625,90.52335357666016
2020-12-08,121.62559509277344,348.1187744140625,90.23937225341797
2020-12-09,119.08317565917969,344.9966125488281,88.57191467285156
2020-12-10,120.5108413696289,344.88372802734375,88.06326293945312
2020-12-11,119.6992416381836,344.4794006347656,88.41947174072266
2020-12-14,119.08317565917969,342.9371337890625,87.2965316772461
2020-12-15,125.04808807373047,347.5733947753906,87.73594665527344
2020-12-16,124.97965240478516,348.1187744140625,87.54215240478516
2020-12-17,125.84992980957031,350.0655212402344,86.7111587524414
2020-12-18,123.85511016845703,348.66766357421875,85.99923706054688
2020-12-21,125.39034271240234,347.42108154296875,86.41473388671875
2020-12-22,128.95948791503906,346.83551025390625,85.70032501220703
2020-12-23,128.05990600585938,347.147216796875,86.09938049316406
2020-12-24,129.0475311279297,348.4977722167969,86.39480590820312
2020-12-28,133.66299438476562,351.4915466308594,88.37761688232422
2020-12-29,131.88330078125,350.8210754394531,87.57054901123047
2020-12-30,130.7587890625,351.32159423828125,86.49893188476562
2020-12-31,129.75157165527344,353.1065979003906,87.31548309326172
2021-01-04,126.54423522949219,348.2994384765625,85.99476623535156
2021-01-05,128.10873413085938,350.69830322265625,86.68824768066406
2021-01-06,123.79645538330078,352.7949523925781,85.83283996582031
2021-01-07,128.020751953125,358.03656005859375,88.39656066894531
2021-01-08,129.12574768066406,360.0765686035156,89.56681060791016
2021-01-11,126.1237564086914,357.64935302734375,87.497314453125
2021-01-12,125.94770812988281,357.72491455078125,86.5577163696289
2021-01-13,127.99142456054688,358.688232421875,87.04695129394531
2021-01-14,126.05529022216797,357.43212890625,86.2333984375
2021-01-15,124.32447814941406,354.8254699707031,86.0689926147461
2021-01-19,124.99920654296875,357.6115417480469,88.9012222290039
2021-01-20,129.10617065429688,362.5604248046875,93.6639633178711
2021-01-21,133.83901977539062,362.8909606933594,93.86721801757812
2021-01-22,135.9902801513672,361.6065673828125,94.28619384765625
2021-01-25,139.75503540039062,363.0326232910156,94.37188720703125
2021-01-26,139.98974609375,362.4660339355469,95.05292510986328
2021-01-27,138.9140625,353.607177734375,90.61849975585938
2021-01-28,134.05413818359375,356.6482238769531,92.3253173828125
2021-01-29,129.03775024414062,349.50830078125,91.03797149658203
2021-02-01,131.16946411132812,355.3260498046875,94.3116226196289
2021-02-02,132.0006561279297,360.3504333496094,95.60941314697266
2021-02-03,130.97393798828125,360.6337890625,102.57217407226562
2021-02-04,134.3474884033203,364.73260498046875,102.31061553955078
2021-02-05,133.93128967285156,366.1681823730469,104.06426239013672
2021-02-08,134.07815551757812,368.81256103515625,103.84953308105469
2021-02-09,133.19680786132812,368.56707763671875,103.39468383789062
2021-02-10,132.58963012695312,368.4064636230469,103.94718170166016
2021-02-11,132.33497619628906,369.00146484375,104.06026458740234
2021-02-12,132.570068359375,370.8243103027344,104.37313842773438
2021-02-16,130.4351043701172,370.5031433105469,105.15381622314453
2021-02-17,128.1337127685547,370.588134765625,105.54837799072266
2021-02-18,127.02713775634766,369.0109558105469,104.91019439697266
2021-02-19,127.18378448486328,368.3592834472656,104.06326293945312
2021-02-22,123.39384460449219,365.5259094238281,102.34200286865234
2021-02-23,123.25674438476562,365.9698486328125,102.63394165039062
2021-02-24,122.75727844238281,370.00262451171875,103.81416320800781
2021-02-25,118.48748016357422,361.0870666503906,100.43341827392578
2021-02-26,118.75189208984375,359.22650146484375,100.73033905029297
2021-03-01,125.14681243896484,367.934326171875,103.10922241210938
2021-03-02,122.53205871582031,365.06317138671875,102.85115814208984
2021-03-03,119.53533935546875,360.2276611328125,100.20723724365234
2021-03-04,117.645263671875,355.7698974609375,101.32917022705078
2021-03-05,118.90856170654297,362.3148498535156,104.47476959228516
2021-03-08,113.95323181152344,360.51104736328125,100.01244354248047
2021-03-09,118.58540344238281,365.6581726074219,101.64950561523438
2021-03-10,117.49835968017578,367.934326171875,101.44176483154297
2021-03-11,119.4374008178711,371.6647644042969,104.64764404296875
2021-03-12,118.52664947509766,372.16534423828125,102.12977600097656
2021-03-15,121.42539978027344,374.384765625,102.35096740722656
2021-03-16,122.97274780273438,373.91259765625,103.81816101074219
2021-03-17,122.17949676513672,375.18756103515625,103.73495483398438
2021-03-18,118.0369873046875,369.7286682128906,100.70195007324219
2021-03-19,117.5081558227539,369.04461669921875,100.98194122314453
2021-03-22,120.83782958984375,371.991455078125,101.16776275634766
2021-03-23,120.00540924072266,369.0635986328125,101.69783782958984
2021-03-24,117.60608673095703,367.1874084472656,101.25942993164062
2021-03-25,118.09573364257812,369.25311279296875,101.25593566894531
2021-03-26,118.70291900634766,375.20355224609375,100.87083435058594
2021-03-29,118.87918853759766,375.01397705078125,101.92002868652344
2021-03-30,117.42003631591797,374.0191650390625,101.95391082763672
2021-03-31,119.62348937988281,375.53521728515625,102.75350952148438
2021-04-01,120.45588684082031,379.5906066894531,106.10436248779297
2021-04-05,123.2958984375,385.0389404296875,110.54725646972656
2021-04-06,123.59949493408203,384.81158447265625,110.06400299072266
2021-04-07,125.25453186035156,385.2568359375,111.54713439941406
2021-04-08,127.66365814208984,387.0855712890625,112.11507415771484
2021-04-09,130.24905395507812,389.8997802734375,113.12342071533203
2021-04-12,128.5254669189453,390.0418701171875,111.82562255859375
2021-04-13,131.6494598388672,391.1978454589844,112.31434631347656
2021-04-14,129.2991180419922,389.8618469238281,111.69061279296875
2021-04-15,131.71803283691406,394.0499572753906,113.84978485107422
2021-04-16,131.38504028320312,395.36700439453125,113.72523498535156
2021-04-19,132.05099487304688,393.4245300292969,114.07447052001953
2021-04-20,130.35675048828125,390.5440673828125,113.53890991210938
2021-04-21,130.73873901367188,394.23944091796875,113.50603485107422
2021-04-22,129.2109832763672,390.6388244628906,112.21920013427734
2021-04-23,131.54176330566406,394.8742980957031,114.58113861083984
2021-04-26,131.9334716796875,395.6986389160156,115.07933044433594
2021-04-27,131.61026000976562,395.6134338378906,114.13525390625
2021-04-28,130.8170928955078,395.4997253417969,117.52596282958984
2021-04-29,130.71913146972656,398.0201110839844,119.20586395263672
2021-04-30,128.74090576171875,395.4049072265625,117.24996185302734
2021-05-03,129.7985382080078,396.2577819824219,116.73084259033203
2021-05-04,125.20556640625,393.81304931640625,114.92488861083984
2021-05-05,125.45040130615234,393.9362487792969,115.3204574584961
2021-05-06,127.05648803710938,397.0821533203125,116.44538116455078
2021-05-07,127.73336791992188,399.9720458984375,117.17173767089844
2021-05-10,124.43727111816406,396.0113525390625,114.17361450195312
2021-05-11,123.51516723632812,392.47698974609375,113.09302520751953
2021-05-12,120.43487548828125,384.1387634277344,109.6151351928711
2021-05-13,122.59302520751953,388.7532958984375,111.0494384765625
2021-05-14,125.02584075927734,394.72271728515625,113.50752258300781
2021-05-17,123.8682861328125,393.7183532714844,114.03262329101562
2021-05-18,122.4753189086914,390.326171875,112.71489715576172
2021-05-19,122.318359375,389.3028564453125,113.16476440429688
2021-05-20,124.88851165771484,393.49090576171875,114.93087005615234
2021-05-21,123.04427337646484,393.1687927246094,114.29217529296875
2021-05-24,124.6825180053711,397.17681884765625,117.62559509277344
2021-05-25,124.48632049560547,396.29559326171875,117.7167739868164
2021-05-26,124.43727111816406,397.0821533203125,118.58561706542969
2021-05-27,122.89714050292969,397.29046630859375,117.7072982788086
2021-05-28,122.2398681640625,398.0012512207031,117.41685485839844
2021-06-01,121.91614532470703,397.6506042480469,118.62895965576172
2021-06-02,122.68130493164062,398.2759704589844,118.10137939453125
2021-06-03,121.19023895263672,396.79779052734375,116.95502471923828
2021-06-04,123.49552154541016,400.42681884765625,119.2462158203125
2021-06-07,123.50532531738281,400.0383605957031,119.68115234375
2021-06-08,124.3293685913086,400.1236267089844,119.48884582519531
2021-06-09,124.71194458007812,399.5267333984375,119.96212768554688
2021-06-10,123.71134948730469,401.38385009765625,121.31671905517578
2021-06-11,124.92776489257812,402.0471496582031,121.07110595703125
2021-06-14,127.99823760986328,402.9472961425781,122.00323486328125
2021-06-15,127.1741943359375,402.2082214355469,120.9809341430664
2021-06-16,127.67449188232422,399.9625549316406,120.33626556396484
2021-06-17,129.28329467773438,399.82989501953125,121.30376434326172
2021-06-18,127.97859191894531,394.43603515625,119.67715454101562
2021-06-21,129.7836151123047,400.0827331542969,121.37252044677734
2021-06-22,131.43162536621094,402.2216796875,121.88864135742188
2021-06-23,131.156982421875,401.7368469238281,121.68586730957031
2021-06-24,130.87249755859375,404.1134033203125,122.05753326416016
2021-06-25,130.5782012939453,405.54888916015625,122.06599426269531
2021-06-28,132.2164306640625,406.3664245605469,122.09339904785156
2021-06-29,133.73695373535156,406.5850524902344,121.83085632324219
2021-06-30,134.35496520996094,406.9273376464844,121.64851379394531
2021-07-01,134.6590576171875,409.18023681640625,122.00223541259766
2021-07-02,137.29791259765625,412.3078918457031,124.80506896972656
2021-07-06,139.3187255859375,411.556884765625,125.73420715332031
2021-07-07,141.8202362060547,413.0113220214844,126.01717376708984
2021-07-08,140.51551818847656,409.6461181640625,124.59233856201172
2021-07-09,142.34996032714844,414.01898193359375,125.06513214111328
2021-07-12,141.75157165527344,415.50201416015625,126.5168685913086
2021-07-13,142.869873046875,414.0856018066406,126.88154602050781
2021-07-14,146.31312561035156,414.7034606933594,127.77381134033203
2021-07-15,145.65586853027344,413.2870178222656,126.54625701904297
2021-07-16,143.60562133789062,410.0453796386719,126.51139068603516
2021-07-19,139.74057006835938,403.9898986816406,124.1280288696289
2021-07-20,143.37014770507812,409.7791748046875,125.75363159179688
2021-07-21,142.63441467285156,413.0968933105469,127.08830261230469
2021-07-22,144.00782775878906,413.96197509765625,127.9576416015625
2021-07-23,145.73434448242188,418.2208557128906,132.5345458984375
2021-07-26,146.15614318847656,419.2474670410156,133.55087280273438
2021-07-27,143.97837829589844,417.33673095703125,131.42356872558594
2021-07-28,142.22242736816406,417.1656494140625,135.6024169921875
2021-07-29,142.869873046875,418.895751953125,135.28707885742188
2021-07-30,143.085693359375,416.86138916015625,134.2398681640625
2021-08-02,142.75213623046875,415.98681640625,134.367431640625
2021-08-03,144.55714416503906,419.37109375,135.14010620117188
2021-08-04,144.15499877929688,417.3081970214844,134.63742065429688
2021-08-05,144.26284790039062,419.9510192871094,135.7593536376953
2021-08-06,143.57516479492188,420.6449279785156,135.2482147216797
2021-08-09,143.5260467529297,420.3027038574219,136.41847229003906
2021-08-10,143.0446319580078,420.82550048828125,136.3128662109375
2021-08-11,143.30006408691406,421.8712158203125,135.78677368164062
2021-08-12,146.2769012451172,423.1355285644531,136.69847106933594
2021-08-13,146.4832000732422,423.9056396484375,137.2300262451172
2021-08-16,148.4677734375,424.9037170410156,137.80992126464844
2021-08-17,147.55410766601562,422.1184387207031,136.1678924560547
2021-08-18,143.79127502441406,417.498291015625,134.9597625732422
2021-08-19,144.1253204345703,418.144775390625,135.18992614746094
2021-08-20,145.58921813964844,421.47198486328125,136.93310546875
2021-08-23,147.08248901367188,425.179443359375,139.5356903076172
2021-08-24,146.9940643310547,425.8543395996094,140.7512664794922
2021-08-25,145.7561798095703,426.74798583984375,141.56581115722656
2021-08-26,144.95057678222656,424.22882080078125,140.92962646484375
2021-08-27,145.9919891357422,428.0218505859375,143.48385620117188
2021-08-30,150.43264770507812,429.904052734375,144.0682373046875
2021-08-31,149.16531372070312,429.2671813964844,144.1748504638672
2021-09-01,149.83335876464844,429.49530029296875,144.69097900390625
2021-09-02,150.95333862304688,430.81671142578125,142.7694549560547
2021-09-03,151.59194946289062,430.7120666503906,143.22032165527344
2021-09-07,153.94003295898438,429.17205810546875,143.7593536376953
2021-09-08,152.38775634765625,428.6492614746094,143.17198181152344
2021-09-09,151.36599731445312,426.8144836425781,143.0225372314453
2021-09-10,146.3555145263672,423.4492492675781,140.36715698242188
2021-09-13,146.92532348632812,424.532958984375,141.8184051513672
2021-09-14,145.52040100097656,422.2419738769531,142.02963256835938
2021-09-15,146.41441345214844,425.76885986328125,143.90782165527344
2021-09-16,146.1786346435547,425.0939025878906,143.09127807617188
2021-09-17,143.49658203125,420.9530334472656,140.29144287109375
2021-09-20,140.4313201904297,413.9339904785156,138.2184295654297
2021-09-21,140.9127197265625,413.54296875,138.53082275390625
2021-09-22,143.2902374267578,417.5769958496094,139.77679443359375
2021-09-23,144.25303649902344,422.65057373046875,140.70594787597656
2021-09-24,144.34149169921875,423.34674072265625,141.70132446289062
2021-09-27,142.81866455078125,422.1356201171875,140.56243896484375
2021-09-28,139.41941833496094,413.6287536621094,135.33938598632812
2021-09-29,140.32322692871094,414.3249816894531,133.8682098388672
2021-09-30,139.01658630371094,409.260986328125,133.1931610107422
2021-10-01,140.1464080810547,414.124755859375,136.0498046875
2021-10-04,136.697998046875,408.78411865234375,133.1767120361328
2021-10-05,138.6334228515625,413.0374755859375,135.53167724609375
2021-10-06,139.50779724121094,414.7540283203125,137.068115234375
2021-10-07,140.77517700195312,418.3399658203125,138.7221221923828
2021-10-08,140.3920135498047,417.5769958496094,139.28060913085938
2021-10-11,140.3035888671875,414.55389404296875,138.41224670410156
2021-10-12,139.02642822265625,413.5334167480469,135.95614624023438
2021-10-13,138.43695068359375,415.0211486816406,137.08506774902344
2021-10-14,141.23687744140625,422.0020751953125,140.6411590576172
2021-10-15,142.29795837402344,425.2159423828125,140.8573760986328
2021-10-18,143.9779510498047,426.47479248046875,142.2622833251953
2021-10-19,146.14920043945312,429.7649841308594,142.71961975097656
2021-10-20,146.64041137695312,431.4529724121094,141.25692749023438
2021-10-21,146.8565216064453,432.5783386230469,141.37351989746094
2021-10-22,146.08042907714844,432.130126953125,137.06961059570312
2021-10-25,146.03126525878906,434.44757080078125,136.9505615234375
2021-10-26,146.69937133789062,434.8385314941406,138.80531311035156
2021-10-27,146.2375946044922,432.9121398925781,145.68936157226562
2021-10-28,149.89234924316406,437.0892639160156,145.32220458984375
2021-10-29,147.17091369628906,437.97613525390625,147.51126098632812
2021-11-01,146.345703125,438.7295837402344,142.9786834716797
2021-11-02,147.3870849609375,440.50341796875,144.90719604492188
2021-11-03,148.83128356933594,443.1927490234375,146.06849670410156
2021-11-04,148.3105926513672,445.28131103515625,147.73196411132812
2021-11-05,148.84185791015625,446.82635498046875,148.31434631347656
2021-11-08,148.01541137695312,447.207763671875,148.49270629882812
2021-11-09,148.37940979003906,445.7295837402344,148.380615234375
2021-11-10,145.53599548339844,442.1437072753906,145.3665313720703
2021-11-11,145.48681640625,442.2867736816406,145.239990234375
2021-11-12,147.57264709472656,445.6246643066406,148.14096069335938
2021-11-15,147.5824737548828,445.77728271484375,147.91578674316406
2021-11-16,148.56639099121094,447.54156494140625,147.3418731689453
2021-11-17,151.0162353515625,446.4543151855469,147.51223754882812
2021-11-18,155.3256378173828,447.970703125,149.2972869873047
2021-11-19,157.9624481201172,447.1696472167969,148.38858032226562
2021-11-22,158.4248809814453,445.9107971191406,145.7735595703125
2021-11-23,158.80857849121094,446.50201416015625,145.2554473876953
2021-11-24,159.33006286621094,447.6941833496094,145.5922088623047
2021-11-26,154.2827606201172,437.7091064453125,141.66943359375
2021-11-29,157.65745544433594,443.0783386230469,145.00485229492188
2021-11-30,162.6359405517578,434.4570617675781,141.38497924804688
2021-12-01,162.11444091796875,429.6314697265625,140.54202270507812
2021-12-02,161.12071228027344,436.2118835449219,142.44961547851562
2021-12-03,159.23165893554688,432.4162292480469,141.4886016845703
2021-12-06,162.6555938720703,437.5375061035156,142.637939453125
2021-12-07,168.42111206054688,446.5878601074219,146.73757934570312
2021-12-08,172.25828552246094,447.7703857421875,147.6512451171875
2021-12-09,171.74667358398438,444.7472839355469,147.10523986816406
2021-12-10,176.55784606933594,448.933837890625,147.4669189453125
2021-12-13,172.9076385498047,444.95709228515625,145.29978942871094
2021-12-14,171.5203857421875,441.8957214355469,143.38719177246094
2021-12-15,176.4102783203125,448.8004150390625,145.9120635986328
2021-12-16,169.4837188720703,444.84271240234375,143.92327880859375
2021-12-17,168.3817901611328,440.10821533203125,141.21310424804688
2021-12-20,167.01417541503906,435.4284362792969,141.0955047607422
2021-12-21,170.2019500732422,443.16107177734375,142.95428466796875
2021-12-22,172.8092498779297,447.5921325683594,145.8861541748047
2021-12-23,173.43894958496094,450.3771667480469,146.38583374023438
2021-12-27,177.42369079589844,456.7509765625,147.37225341796875
2021-12-28,176.40042114257812,456.3777160644531,146.15716552734375
2021-12-29,176.48895263671875,456.9615173339844,146.1252899169922
2021-12-30,175.3280029296875,455.6981506347656,145.67242431640625
2021-12-31,174.70814514160156,454.5497741699219,144.32879638671875
2022-01-03,179.07659912109375,457.18157958984375,144.46778869628906
2022-01-04,176.80381774902344,457.0284423828125,143.8779296875
2022-01-05,172.1008758544922,448.2525329589844,137.27734375
2022-01-06,169.22792053222656,447.8314208984375,137.2499542236328
2022-01-07,169.3951873779297,446.0609436035156,136.5220947265625
2022-01-10,169.4148712158203,445.5058898925781,138.1686248779297
2022-01-11,172.25828552246094,449.56365966796875,139.23126220703125
2022-01-12,172.70103454589844,450.779052734375,140.91964721679688
2022-01-13,169.4148712158203,444.5679626464844,138.08642578125
2022-01-14,170.2806854248047,444.7497863769531,138.97669982910156
2022-01-18,167.06338500976562,436.8734436035156,135.50677490234375
2022-01-19,163.5509033203125,432.3371276855469,134.6284637451172
2022-01-20,161.85862731933594,427.55206298828125,132.8260040283203
2022-01-21,159.79248046875,419.1589050292969,129.88067626953125
2022-01-24,159.0152130126953,420.9389953613281,130.33154296875
2022-01-25,157.20486450195312,415.7997131347656,126.47650909423828
2022-01-26,157.11631774902344,414.756591796875,128.76620483398438
2022-01-27,156.65391540527344,412.7085876464844,128.53904724121094
2022-01-28,167.58480834960938,422.958251953125,132.86932373046875
2022-01-31,171.96310424804688,430.5762023925781,134.81478881835938
2022-02-01,171.7958526611328,433.485595703125,137.14683532714844
2022-02-02,173.00604248046875,437.69659423828125,147.46542358398438
2022-02-03,170.11341857910156,427.408447265625,142.57315063476562
2022-02-04,169.8277130126953,429.41827392578125,142.7754364013672
2022-02-07,169.10861206054688,428.04010009765625,138.69821166992188
2022-02-08,172.23146057128906,431.5620422363281,138.89549255371094
2022-02-09,173.65992736816406,437.8783874511719,141.08056640625
2022-02-10,169.56175231933594,430.0115966796875,138.1193084716797
2022-02-11,166.13348388671875,421.5323486328125,133.7974853515625
2022-02-14,166.3699188232422,420.1541748046875,135.03646850585938
2022-02-15,170.2217559814453,426.929931640625,136.1150665283203
2022-02-16,169.98533630371094,427.408447265625,137.24049377441406
2022-02-17,166.3699188232422,418.2784118652344,132.0602569580078
2022-02-18,164.8133544921875,415.5700988769531,129.93199157714844
2022-02-22,161.877685546875,411.11029052734375,129.34461975097656
2022-02-23,157.6908416748047,403.8177795410156,127.12715148925781
2022-02-24,160.3211669921875,409.89483642578125,132.2117156982422
2022-02-25,162.3997802734375,418.9387512207031,133.9738311767578
2022-02-28,162.66580200195312,417.866943359375,134.56918334960938
2022-03-01,160.77432250976562,411.502685546875,133.57725524902344
2022-03-02,164.08438110351562,419.07275390625,134.08543395996094
2022-03-03,163.75929260253906,416.9864501953125,133.4158477783203
2022-03-04,160.74476623535156,413.5986328125,131.43003845214844
2022-03-07,156.9322967529297,401.406005859375,125.92202758789062
2022-03-08,155.0999298095703,398.3626708984375,126.64540100097656
2022-03-09,160.5280303955078,409.0431213378906,132.93807983398438
2022-03-10,156.16387939453125,407.196044921875,131.951171875
2022-03-11,152.43023681640625,402.0185241699219,129.4014129638672
2022-03-14,148.38131713867188,399.0804443359375,125.49606323242188
2022-03-15,152.78485107421875,407.8564147949219,128.7313232421875
2022-03-16,157.2179718017578,416.9002990722656,132.79910278320312
2022-03-17,158.23268127441406,422.1161193847656,133.3555908203125
2022-03-18,161.54270935058594,426.739501953125,135.63381958007812
2022-03-21,162.9219512939453,426.6147155761719,135.60989379882812
2022-03-22,166.310791015625,431.60662841796875,139.36280822753906
2022-03-23,167.68014526367188,426.04827880859375,137.77606201171875
2022-03-24,171.48277282714844,432.470703125,141.06065368652344
2022-03-25,172.12310791015625,434.5826721191406,141.16127014160156
2022-03-28,172.9900360107422,437.6738586425781,140.944580078125
2022-03-29,176.3000946044922,443.0882873535156,141.9907684326172
2022-03-30,175.1277618408203,440.352294921875,141.4258270263672
2022-03-31,172.0147247314453,433.5747375488281,138.565185546875
2022-04-01,171.71922302246094,434.803466796875,139.64427185058594
2022-04-04,175.78781127929688,438.5283203125,142.455078125
2022-04-05,172.4580535888672,432.9890441894531,140.08319091796875
2022-04-06,169.27609252929688,428.65948486328125,136.05479431152344
2022-04-07,169.58145141601562,430.8194274902344,135.39767456054688
2022-04-08,167.56192016601562,429.6674499511719,132.8060760498047
2022-04-11,163.28643798828125,422.32354736328125,128.3582000732422
2022-04-12,165.16806030273438,420.7586669921875,127.2531967163086
2022-04-13,167.8673095703125,425.5778503417969,129.42481994628906
2022-04-14,162.833251953125,420.2786560058594,126.27226257324219
2022-04-18,162.6165008544922,420.45147705078125,127.21533966064453
2022-04-19,164.91189575195312,427.2386474609375,129.53941345214844
2022-04-20,164.74441528320312,426.92181396484375,127.5775146484375
2022-04-21,163.94644165039062,420.53790283203125,124.3636703491211
2022-04-22,159.38525390625,408.9986877441406,119.20337677001953
2022-04-25,160.45909118652344,411.369873046875,122.62945556640625
2022-04-26,154.46945190429688,399.456298828125,118.22144317626953
2022-04-27,154.2428741455078,400.5794372558594,113.88166809082031
2022-04-28,161.20777893066406,410.6978759765625,118.09439849853516
2022-04-29,155.30682373046875,395.5202331542969,113.69733428955078
2022-05-02,155.61224365234375,397.90106201171875,116.16189575195312
2022-05-03,157.109619140625,399.72509765625,116.91019439697266
2022-05-04,163.5524139404297,411.89788818359375,121.81938934326172
2022-05-05,154.43992614746094,397.25787353515625,116.08468627929688
2022-05-06,155.1699676513672,394.8866882324219,115.32841491699219
2022-05-09,150.02000427246094,382.2434387207031,112.1046142578125
2022-05-10,152.43711853027344,383.126708984375,113.98180389404297
2022-05-11,144.53457641601562,377.0402526855469,113.1921615600586
2022-05-12,140.64744567871094,376.6466369628906,112.43640899658203
2022-05-13,145.1363983154297,385.6514892578125,115.63133239746094
2022-05-16,143.58746337890625,384.08660888671875,114.03162384033203
2022-05-17,147.23782348632812,391.9874572753906,116.05229949951172
2022-05-18,138.93080139160156,376.18585205078125,111.49531555175781
2022-05-19,135.50733947753906,373.8818359375,109.98529815673828
2022-05-20,135.74412536621094,374.04510498046875,108.5146255493164
2022-05-23,141.1900634765625,381.04345703125,111.0853042602539
2022-05-24,138.4769744873047,378.1346740722656,105.58724212646484
2022-05-25,138.63482666015625,381.4754333496094,105.42283630371094
2022-05-26,141.85108947753906,389.09783935546875,107.40315246582031
2022-05-27,147.63247680664062,398.6498107910156,111.91082000732422
2022-05-31,146.84320068359375,396.41302490234375,113.3510971069336
2022-06-01,146.71495056152344,393.20660400390625,113.48062133789062
2022-06-02,149.18142700195312,400.6947326660156,117.19764709472656
2022-06-03,143.42962646484375,394.1186828613281,114.12728118896484
2022-06-06,144.179443359375,395.31866455078125,116.39855194091797
2022-06-07,146.71495056152344,399.11065673828125,116.72635650634766
2022-06-08,145.9750213623047,394.771484375,116.77069854736328
2022-06-09,140.72637939453125,385.3826904296875,114.42071533203125
2022-06-10,135.29029846191406,374.20819091796875,110.7599868774414
2022-06-13,130.1107177734375,360.0002136230469,106.00821685791016
2022-06-14,130.9788818359375,358.9154357910156,106.33003997802734
2022-06-15,133.61309814453125,364.0322570800781,109.36803436279297
2022-06-16,128.3151397705078,351.98419189453125,105.6505126953125
2022-06-17,129.79502868652344,352.7430114746094,106.75650024414062
2022-06-21,134.04722595214844,361.622802734375,111.14111328125
2022-06-22,133.5341796875,360.9671936035156,111.08480834960938
2022-06-23,136.41500854492188,364.505615234375,111.83657836914062
2022-06-24,139.75950622558594,376.09466552734375,117.54887390136719
2022-06-27,139.75950622558594,374.6580810546875,115.41510772705078
2022-06-28,135.5961151123047,367.00274658203125,111.6029281616211
2022-06-29,137.3621063232422,366.7038879394531,111.29803466796875
2022-06-30,134.8857879638672,363.72467041015625,108.56941986083984
2022-07-01,137.06613159179688,367.571533203125,108.34474182128906
2022-07-05,139.6608428955078,368.26580810546875,112.85388946533203
2022-07-06,141.00262451171875,369.5095520019531,114.15816497802734
2022-07-07,144.3865966796875,375.04376220703125,118.35395812988281
2022-07-08,145.0673370361328,374.7352294921875,118.92240142822266
2022-07-11,142.9264678955078,370.45440673828125,115.25868225097656
2022-07-12,143.9031524658203,367.1763000488281,113.6086654663086
2022-07-13,143.5381317138672,365.248046875,110.9512939453125
2022-07-14,146.47817993164062,364.3609619140625,109.96885681152344
2022-07-15,148.1553192138672,371.3221740722656,111.37376403808594
2022-07-18,145.09693908691406,368.25616455078125,108.63618469238281
2022-07-19,148.97422790527344,378.20611572265625,113.39891052246094
2022-07-20,150.98683166503906,380.6164855957031,113.48860168457031
2022-07-21,153.26588439941406,384.4924621582031,113.927001953125
2022-07-22,152.02276611328125,380.9250183105469,107.51026916503906
2022-07-25,150.89804077148438,381.3878173828125,107.12167358398438
2022-07-26,149.56617736816406,376.8756103515625,104.64066314697266
2022-07-27,154.68655395507812,386.6617431640625,112.6516342163086
2022-07-28,155.23902893066406,391.5113525390625,113.80744171142578
2022-07-29,160.32981872558594,397.2191467285156,115.89985656738281
2022-08-01,159.34323120117188,396.04290771484375,114.44512176513672
2022-08-02,157.86334228515625,393.4300231933594,114.71414947509766
2022-08-03,163.90122985839844,399.5909423828125,117.65350341796875
2022-08-04,163.58554077148438,399.3210754394531,117.76309967041016
2022-08-05,163.35830688476562,398.6460876464844,117.04570007324219
2022-08-08,162.88406372070312,398.1832580566406,116.8763198852539
2022-08-09,162.93348693847656,396.60211181640625,116.20872497558594
2022-08-10,167.20147705078125,404.93231201171875,119.26764678955078
2022-08-11,166.4604949951172,404.93231201171875,118.4107437133789
2022-08-12,170.02699279785156,411.7873840332031,121.24049377441406
2022-08-15,171.10386657714844,413.48431396484375,121.6390609741211
2022-08-16,170.94578552246094,414.2942199707031,121.26042175292969
2022-08-17,172.447509765625,411.3535461425781,119.11819458007812
2022-08-18,172.0523223876953,412.5491027832031,119.73594665527344
2022-08-19,169.4539794921875,407.00531005859375,116.78663635253906
2022-08-22,165.5515594482422,398.5303955078125,113.8273696899414
2022-08-23,165.21563720703125,397.5662536621094,113.44874572753906
2022-08-24,165.5120391845703,398.8388977050781,113.27935028076172
2022-08-25,167.98191833496094,404.46954345703125,116.2286605834961
2022-08-26,161.64913940429688,390.77862548828125,109.94145202636719
2022-08-29,159.43614196777344,388.19476318359375,109.02477264404297
2022-08-30,156.9958953857422,383.9331359863281,108.5465087890625
2022-08-31,155.3262176513672,381.0118103027344,107.82910919189453
2022-09-01,156.05731201171875,382.2073974609375,109.3436279296875
2022-09-02,153.93321228027344,378.1771545410156,107.46044158935547
2022-09-06,152.66860961914062,376.75030517578125,106.42420196533203
2022-09-07,154.08140563964844,383.5186462402344,109.0546646118164
2022-09-08,152.5994873046875,386.0253601074219,107.988525390625
2022-09-09,155.47442626953125,392.0223693847656,110.25033569335938
2022-09-12,161.46141052246094,396.2356872558594,110.4595718383789
2022-09-13,151.9869384765625,379.00640869140625,103.94319915771484
2022-09-14,153.43922424316406,380.45257568359375,104.62074279785156
2022-09-15,150.53466796875,376.13323974609375,102.53829956054688
2022-09-16,148.884765625,373.2637634277344,102.4286880493164
2022-09-19,152.6192169189453,376.15838623046875,102.69771575927734
2022-09-20,155.01007080078125,371.8406066894531,100.77468872070312
2022-09-21,151.86839294433594,365.3542785644531,98.92139434814453
2022-09-22,150.90020751953125,362.285400390625,99.77828979492188
2022-09-23,148.6179962158203,356.2153625488281,98.38335418701172
2022-09-26,148.9539337158203,352.6914978027344,97.8154067993164
2022-09-27,149.93199157714844,351.7911682128906,97.14783477783203
2022-09-28,148.0351104736328,358.7131042480469,99.68862915039062
2022-09-29,140.76377868652344,351.21990966796875,97.06812286376953
2022-09-30,136.53530883789062,345.78887939453125,95.30451202392578
2022-10-03,140.73411560058594,354.9180908203125,98.2837142944336
2022-10-04,144.34014892578125,365.9158020019531,101.27288055419922
2022-10-05,144.63653564453125,365.0638427734375,101.06362915039062
2022-10-06,143.67822265625,361.2979431152344,101.05367279052734
2022-10-07,138.40255737304688,351.21990966796875,98.32357025146484
2022-10-10,138.7285919189453,348.5382385253906,97.50653839111328
2022-10-11,137.30592346191406,346.3309326171875,96.82898712158203
2022-10-12,136.6736297607422,345.1885986328125,97.2076187133789
2022-10-13,141.2676544189453,354.2984924316406,98.70218658447266
2022-10-14,136.7131805419922,346.2245178222656,96.21121978759766
2022-10-17,140.69461059570312,355.1214294433594,99.60891723632812
2022-10-18,142.0184783935547,359.29400634765625,100.40602111816406
2022-10-19,142.12716674804688,356.7478332519531,99.2701416015625
2022-10-20,141.66281127929688,353.7563781738281,99.60891723632812
2022-10-21,145.49607849121094,362.3531494140625,100.76470947265625
2022-10-24,147.64979553222656,366.7870788574219,102.14969635009766
2022-10-25,150.50497436523438,372.6441650390625,104.10262298583984
2022-10-26,147.55101013183594,369.83660888671875,94.58711242675781
2022-10-27,143.0558319091797,367.8617248535156,91.88690185546875
2022-10-28,153.86407470703125,376.6133728027344,95.94220733642578
2022-10-31,151.49295043945312,373.89300537109375,94.16863250732422
2022-11-01,148.8353729248047,372.25689697265625,90.14322662353516
2022-11-02,143.28306579589844,362.9146423339844,86.65586853027344
2022-11-03,137.2071533203125,359.17779541015625,83.12865447998047
2022-11-04,136.93997192382812,364.3475036621094,86.26728057861328
2022-11-07,137.47434997558594,367.8326721191406,88.17037200927734
2022-11-08,138.0482940673828,369.8172912597656,88.57889556884766
2022-11-09,133.4665069580078,362.19830322265625,87.00459289550781
2022-11-10,145.34161376953125,382.10260009765625,93.60069274902344
2022-11-11,148.1421356201172,385.80072021484375,96.06177520751953
2022-11-14,146.73690795898438,382.51885986328125,95.35432434082031
2022-11-15,148.47862243652344,385.7814025878906,98.08444213867188
2022-11-16,147.24160766601562,382.8383483886719,98.49295806884766
2022-11-17,149.1515350341797,381.6669006347656,98.00473022460938
2022-11-18,149.71559143066406,383.3998718261719,97.07807922363281
2022-11-21,146.46974182128906,382.0057678222656,95.25469207763672
2022-11-22,148.6171417236328,387.1464538574219,96.69945526123047
2022-11-23,149.49790954589844,389.5860595703125,98.1043701171875
2022-11-25,146.56869506835938,389.4989013671875,97.10797882080078
2022-11-28,142.71917724609375,383.28369140625,95.70307922363281
2022-11-29,139.70091247558594,382.6253662109375,94.84617614746094
2022-11-30,146.48953247070312,394.6783142089844,100.6252212524414
2022-12-01,146.7666015625,394.3879089355469,100.6252212524414
2022-12-02,146.2718048095703,393.9328918457031,100.07721710205078
2022-12-05,145.1041259765625,386.8463134765625,99.12068176269531
2022-12-06,141.42282104492188,381.27001953125,96.62970733642578
2022-12-07,139.4733123779297,380.6214294433594,94.59708404541016
2022-12-08,141.16551208496094,383.6031799316406,93.37152099609375
2022-12-09,140.6806182861328,380.7375793457031,92.49470520019531
2022-12-12,142.98635864257812,386.22674560546875,92.97296142578125
2022-12-13,143.95616149902344,389.150390625,95.28458404541016
2022-12-14,141.71969604492188,386.662353515625,94.72660827636719
2022-12-15,135.0795135498047,377.2039794921875,90.53181457519531
2022-12-16,133.11024475097656,372.7506103515625,89.9339828491211
2022-12-19,130.99249267578125,369.5898132324219,88.12055969238281
2022-12-20,130.92323303222656,370.09552001953125,88.69845581054688
2022-12-21,134.04043579101562,375.6294250488281,89.25643920898438
2022-12-22,130.85394287109375,370.2706298828125,87.44300842285156
2022-12-23,130.48780822753906,372.4005126953125,88.90769958496094
2022-12-27,128.6768341064453,370.9319763183594,87.07434844970703
2022-12-28,124.72836303710938,366.32208251953125,85.70929718017578
2022-12-29,128.26119995117188,372.91595458984375,88.1305160522461
2022-12-30,128.577880859375,371.93365478515625,87.91131591796875
2023-01-03,123.76847076416016,370.36785888671875,88.79810333251953
2023-01-04,125.04503631591797,373.2271728515625,87.76185607910156
2023-01-05,123.71897888183594,368.9674377441406,85.8886489868164
2023-01-06,128.27110290527344,377.4285888671875,87.02452087402344
2023-01-09,128.79559326171875,377.21466064453125,87.70206451416016
2023-01-10,129.3695526123047,379.8600158691406,88.10062408447266
2023-01-11,132.10084533691406,384.6643981933594,91.1894302368164
2023-01-12,132.0216827392578,386.06488037109375,90.80083465576172
2023-01-13,133.3576202392578,387.5625915527344,91.78726959228516
2023-01-17,134.52532958984375,386.8526611328125,90.96026611328125
2023-01-18,133.80296325683594,380.7449951171875,90.79087829589844
2023-01-19,133.86233520507812,377.9732666015625,92.71391296386719
2023-01-20,136.43524169921875,385.01458740234375,97.66595458984375
2023-01-23,139.6415557861328,389.6341857910156,99.4295654296875
2023-01-24,141.0467529296875,389.2159423828125,97.34710693359375
2023-01-25,140.3837432861328,389.3618469238281,94.87606811523438
2023-01-26,142.46189880371094,393.6410827636719,97.16776275634766
2023-01-27,144.41136169433594,394.54559326171875,99.0110855102539
2023-01-30,141.51187133789062,389.5952453613281,96.58985137939453
2023-01-31,142.78842163085938,395.32366943359375,98.48299407958984
2023-02-01,143.9165802001953,399.5249938964844,100.06725311279297
2023-02-02,149.25047302246094,405.3409423828125,107.35084533691406
2023-02-03,152.89219665527344,401.0325012207031,104.40153503417969
2023-02-06,150.15101623535156,398.5816345214844,102.5283203125
2023-02-07,153.04063415527344,403.7945861816406,107.25120544433594
2023-02-08,150.3390350341797,399.3791809082031,99.0110855102539
2023-02-09,149.2999725341797,395.9168701171875,94.66682434082031
2023-02-10,149.66668701171875,396.8408203125,94.22840881347656
2023-02-13,152.48143005371094,401.499267578125,94.26827239990234
2023-02-14,151.8372039794922,401.3145446777344,94.33802032470703
2023-02-15,153.94825744628906,402.6177978515625,96.58985137939453
2023-02-16,152.34266662597656,397.0742492675781,95.1650161743164
2023-02-17,151.1929931640625,396.0821838378906,94.00920867919922
2023-02-21,147.15919494628906,388.1365051269531,91.45845794677734
2023-02-22,147.5853729248047,387.6015319824219,91.31896209716797
2023-02-23,148.07101440429688,389.6633605957031,90.56170654296875
2023-02-24,145.40493774414062,385.5008239746094,88.80805969238281
2023-02-27,146.60415649414062,386.8137512207031,89.54539489746094
2023-02-28,146.0987091064453,385.3841247558594,89.73470306396484
2023-03-01,144.0173797607422,383.90582275390625,90.03362274169922
2023-03-02,144.61204528808594,386.89154052734375,91.66769409179688
2023-03-03,149.68650817871094,393.0964050292969,93.31173706054688
2023-03-06,152.46160888671875,393.3688049316406,94.78638458251953
2023-03-07,150.25144958496094,387.3389587402344,93.52098083496094
2023-03-08,151.51014709472656,387.97113037109375,93.9095687866211
2023-03-09,149.25038146972656,380.8131103515625,91.98654174804688
2023-03-10,147.17901611328125,375.31817626953125,90.30264282226562
2023-03-13,149.1314697265625,374.78326416015625,90.78091430664062
2023-03-14,151.2326202392578,380.9784851074219,93.63058471679688
2023-03-15,151.62908935546875,378.5956726074219,95.76285552978516
2023-03-16,154.46363830566406,385.2381896972656,99.9576416015625
2023-03-17,153.62120056152344,380.7337646484375,101.2529525756836
2023-03-20,155.99981689453125,384.3947448730469,100.85440063476562
2023-03-21,157.8631134033203,389.4420471191406,104.54103088378906
2023-03-22,156.42601013183594,382.8034362792969,102.99663543701172
2023-03-23,157.51620483398438,383.8382568359375,105.21857452392578
2023-03-24,158.82447814941406,386.3570556640625,105.05915832519531
2023-03-27,156.8719940185547,387.0794677734375,102.08992004394531
2023-03-28,156.24758911132812,386.2106018066406,100.66507720947266
2023-03-29,159.33985900878906,391.82415771484375,101.02377319335938
2023-03-30,160.91571044921875,394.11834716796875,100.52558135986328
2023-03-31,163.43310546875,399.6732482910156,103.35533142089844
2023-04-03,164.69183349609375,401.1962585449219,103.9830551147461
2023-04-04,164.15664672851562,398.9704284667969,104.34175109863281
2023-04-05,162.3032684326172,397.92584228515625,104.09265899658203
2023-04-06,163.19525146484375,399.47802734375,108.02838897705078
2023-04-10,160.58865356445312,399.8880615234375,106.0555419921875
2023-04-11,159.36961364746094,399.9954528808594,104.96947479248047
2023-04-12,158.67581176757812,398.3651123046875,104.26203918457031
2023-04-13,164.08724975585938,403.6564636230469,107.04196166992188
2023-04-14,163.74038696289062,402.67041015625,108.47676086425781
2023-04-17,163.76019287109375,404.1153259277344,105.58724212646484
2023-04-18,164.98915100097656,404.37884521484375,104.12255096435547
2023-04-19,166.13885498046875,404.310546875,103.80370330810547
2023-04-20,165.16754150390625,402.10418701171875,104.90969848632812
2023-04-21,163.5520477294922,402.4165954589844,105.02926635742188
2023-04-24,163.8592987060547,402.83642578125,105.58724212646484
2023-04-25,162.31317138671875,396.4418640136719,103.47489166259766
2023-04-26,162.3032684326172,394.7626953125,103.33540344238281
2023-04-27,166.91189575195312,402.62158203125,107.20138549804688
2023-04-28,168.17059326171875,406.05804443359375,106.95228576660156
2023-05-01,168.0814208984375,405.64801025390625,106.81278991699219
2023-05-02,167.04074096679688,401.0888671875,104.93958282470703
2023-05-03,165.96044921875,398.3358154296875,105.02926635742188
2023-05-04,164.31520080566406,395.514404296875,104.3118667602539
2023-05-05,172.0260009765625,402.83642578125,105.18868255615234
2023-05-08,171.95663452148438,402.94378662109375,107.38072967529297
2023-05-09,170.2420196533203,401.1767272949219,106.96224975585938
2023-05-10,172.01608276367188,403.0511779785156,111.34636688232422
2023-05-11,172.20440673828125,402.3482971191406,116.1489486694336
2023-05-12,171.27146911621094,401.8210754394531,117.08555603027344
2023-05-15,170.7752227783203,403.20733642578125,116.08916473388672
2023-05-16,170.7752227783203,400.51287841796875,119.07833099365234
2023-05-17,171.3905792236328,405.3747253417969,120.40352630615234
2023-05-18,173.73280334472656,409.2797546386719,122.38633728027344
2023-05-19,173.8419952392578,408.6842346191406,122.31659698486328
2023-05-22,172.8892059326172,408.8501892089844,124.59832000732422
2023-05-23,170.26905822753906,404.26171875,122.1173095703125
2023-05-24,170.54696655273438,401.33294677734375,120.46331024169922
2023-05-25,171.6883087158203,404.80841064453125,123.03399658203125
2023-05-26,174.10995483398438,410.05096435546875,124.159912109375
2023-05-30,175.96588134765625,410.2071533203125,123.22331237792969
2023-05-31,175.916259765625,407.9325256347656,122.42620086669922
2023-06-01,178.73487854003906,411.8083190917969,123.27312469482422
2023-06-02,179.58840942382812,417.7635192871094,124.21968841552734
2023-06-05,178.2287139892578,416.9629821777344,125.55485534667969
2023-06-06,177.86151123046875,417.8708801269531,126.85015869140625
2023-06-07,176.4819793701172,416.4259948730469,122.05753326416016
2023-06-08,179.2113037109375,418.94476318359375,121.69883728027344
2023-06-09,179.59832763671875,419.6965026855469,121.78851318359375
2023-06-12,182.4070281982422,423.5039367675781,123.19341278076172
2023-06-13,181.9306640625,426.2960510253906,123.38273620605469
2023-06-14,182.5658416748047,426.8037414550781,123.22331237792969
2023-06-15,184.61033630371094,432.0950927734375,124.63816833496094
2023-06-16,183.52853393554688,430.623291015625,123.08380889892578
2023-06-20,183.61782836914062,428.3891296386719,122.65536499023438
2023-06-21,182.57577514648438,426.1941833496094,120.11457824707031
2023-06-22,185.59288024902344,427.7325744628906,122.70518493652344
2023-06-23,185.2752685546875,424.4989318847656,121.89810180664062
2023-06-26,183.87591552734375,422.7645568847656,117.91254425048828
2023-06-27,186.6448974609375,427.3994140625,117.90259552001953
2023-06-28,187.82594299316406,427.614990234375,119.74591064453125
2023-06-29,188.16339111328125,429.3004455566406,118.66981506347656
2023-06-30,192.5104522705078,434.366455078125,119.26764678955078
2023-07-03,191.01181030273438,434.8661804199219,119.46692657470703
2023-07-05,189.8903045654297,434.219482421875,121.31024169921875
2023-07-06,190.36666870117188,430.81927490234375,119.67616271972656
2023-07-07,189.24517822265625,429.7315673828125,119.04844665527344
2023-07-10,187.1907958984375,430.81927490234375,116.02937316894531
2023-07-11,186.66477966308594,433.56292724609375,116.7168960571289
2023-07-12,188.34205627441406,437.0513916015625,118.50042724609375
2023-07-13,189.1062469482422,440.5201721191406,124.09016418457031
2023-07-14,189.255126953125,440.24578857421875,124.96698760986328
2023-07-17,192.53030395507812,441.7744445800781,124.19976806640625
2023-07-18,192.27224731445312,445.0570983886719,123.31298065185547
2023-07-19,193.6319580078125,446.0467834472656,121.58922576904297
2023-07-20,191.6767578125,443.08746337890625,118.76944732666016
2023-07-21,190.49574279785156,443.08746337890625,119.58648681640625
2023-07-24,191.2996368408203,445.06689453125,121.09103393554688
2023-07-25,192.16307067871094,446.2819519042969,121.7685775756836
2023-07-26,193.03646850585938,446.3505859375,128.80308532714844
2023-07-27,191.7660675048828,443.3912658691406,128.93260192871094
2023-07-28,194.3564453125,447.732177734375,132.1011199951172
2023-07-31,194.97177124023438,448.5846862792969,132.24061584472656
2023-08-01,194.13809204101562,447.301025390625,131.07484436035156
2023-08-02,191.13088989257812,441.0787353515625,127.91629791259766
2023-08-03,189.73150634765625,439.81463623046875,127.98603820800781
2023-08-04,180.62060546875,437.8254699707031,127.64726257324219
2023-08-07,177.5042266845703,441.6470642089844,131.05491638183594
2023-08-08,178.44705200195312,439.7264709472656,130.9253692626953
2023-08-09,176.84918212890625,436.78680419921875,129.19166564941406
2023-08-10,176.63082885742188,436.94354248046875,129.22157287597656
2023-08-11,176.6904754638672,436.6888427734375,129.09202575683594
2023-08-14,178.35015869140625,439.0993347167969,130.8556365966797
2023-08-15,176.35255432128906,433.98431396484375,129.31124877929688
2023-08-16,175.47802734375,430.7996520996094,128.23513793945312
2023-08-17,172.92388916015625,427.51702880859375,129.4507293701172
2023-08-18,173.410888671875,427.7227783203125,126.9996109008789
2023-08-21,174.7525177001953,430.5057067871094,127.90632629394531
2023-08-22,176.13392639160156,429.3396301269531,128.61376953125
2023-08-23,179.9998779296875,434.12152099609375,131.89187622070312
2023-08-24,175.2891845703125,428.10498046875,129.31124877929688
2023-08-25,177.50540161132812,431.12298583984375,129.41087341308594
2023-08-28,179.07562255859375,433.85693359375,130.53677368164062
2023-08-29,182.98130798339844,440.1282043457031,134.0839385986328
2023-08-30,186.489501953125,441.9410400390625,135.3892059326172
2023-08-31,186.7081298828125,441.2943115234375,135.67816162109375
2023-09-01,188.28829956054688,442.11737060546875,135.1699981689453
2023-09-05,188.5268096923828,440.2065734863281,135.27960205078125
2023-09-06,181.77880859375,437.2473449707031,133.97433471679688
2023-09-07,176.46188354492188,435.9049072265625,134.77142333984375
2023-09-08,177.0780487060547,436.5614318847656,135.8874053955078
2023-09-11,178.25074768066406,439.4324951171875,136.42543029785156
2023-09-12,175.20968627929688,437.02197265625,134.8511505126953
2023-09-13,173.1326141357422,437.531494140625,136.21621704101562
2023-09-14,174.6531524658203,441.3040771484375,137.6011962890625
2023-09-15,173.92764282226562,435.9871520996094,136.90370178222656
2023-09-18,176.86935424804688,436.2427673339844,137.71080017089844
2023-09-19,177.96253967285156,435.3381042480469,137.5413818359375
2023-09-20,174.40467834472656,431.3359069824219,133.25692749023438
2023-09-21,172.85433959960938,424.2066345214844,129.96885681152344
2023-09-22,173.70901489257812,423.25274658203125,129.77952575683594
2023-09-25,174.9910430908203,425.03265380859375,130.6364288330078
2023-09-26,170.89651489257812,418.7883605957031,128.10562133789062
2023-09-27,169.3759765625,418.95550537109375,130.06849670410156
2023-09-28,169.63436889648438,421.3843994140625,131.83209228515625
2023-09-29,170.15115356445312,420.3617248535156,130.38734436035156
2023-10-02,172.67544555664062,420.1945495605469,133.6853790283203
2023-10-03,171.3337860107422,414.5697937011719,131.95166015625
2023-10-04,172.5860137939453,417.58868408203125,134.75152587890625
2023-10-05,173.8282928466797,417.43133544921875,134.58213806152344
2023-10-06,176.39231872558594,422.3874206542969,137.08306884765625
2023-10-09,177.88302612304688,425.0916442871094,137.92002868652344
2023-10-10,177.28677368164062,427.30413818359375,137.56134033203125
2023-10-11,178.6880340576172,429.0545349121094,140.0423583984375
2023-10-12,179.59242248535156,426.4388122558594,138.46804809570312
2023-10-13,177.74392700195312,424.3148193359375,136.8638458251953
2023-10-16,177.61473083496094,428.7791748046875,138.5975799560547
2023-10-17,176.05441284179688,428.7594909667969,139.21534729003906
2023-10-18,174.7525177001953,423.0462341308594,137.46168518066406
2023-10-19,174.3748779296875,419.3291931152344,137.25244140625
2023-10-20,171.8108367919922,414.17645263671875,135.1102294921875
2023-10-23,171.9300994873047,413.4585876464844,136.00697326660156
2023-10-24,172.3673858642578,416.57586669921875,138.30860900878906
2023-10-25,170.04185485839844,410.5970458984375,125.15629577636719
2023-10-26,165.85787963867188,405.6803283691406,121.83832550048828
2023-10-27,167.1796417236328,403.8414001464844,121.72872161865234
2023-10-30,169.23683166503906,408.6697082519531,124.01045227050781
2023-10-31,169.71388244628906,411.2362365722656,123.63182830810547
2023-11-01,172.89410400390625,415.6219482421875,125.99325561523438
2023-11-02,176.47183227539062,423.5871276855469,127.02951049804688
2023-11-03,175.55752563476562,427.45159912109375,128.63369750976562
2023-11-06,178.12155151367188,428.4350280761719,129.77952575683594
2023-11-07,180.695556640625,429.6543273925781,130.49693298339844
2023-11-08,181.75892639160156,429.9690246582031,131.36378479003906
2023-11-09,181.28189086914062,426.6158142089844,129.7695770263672
2023-11-10,185.49127197265625,433.2730712890625,132.111083984375
2023-11-13,183.89906311035156,432.8600769042969,131.61288452148438
2023-11-14,186.5261993408203,441.25787353515625,133.13735961914062
2023-11-15,187.0934295654297,442.1920471191406,134.1337432861328
2023-11-16,188.78512573242188,442.73291015625,136.43540954589844
2023-11-17,188.76524353027344,443.2835693359375,134.82125854492188
2023-11-20,190.5166473388672,446.6957702636719,135.75787353515625
2023-11-21,189.71060180664062,445.7222595214844,136.4752655029297
2023-11-22,190.37733459472656,447.443115234375,137.98977661132812
2023-11-24,189.04388427734375,447.7184143066406,136.19627380371094
2023-11-27,188.86474609375,446.9121398925781,135.91729736328125
2023-11-28,189.47177124023438,447.3546447753906,136.7044219970703
2023-11-29,188.44679260253906,447.0399475097656,134.50242614746094
2023-11-30,189.02395629882812,448.8001708984375,132.05130004882812
2023-12-01,190.30767822265625,451.4552001953125,131.38372802734375
2023-12-04,188.50650024414062,449.0852966308594,128.80308532714844
2023-12-05,192.47703552246094,448.996826171875,130.51687622070312
2023-12-06,191.38241577148438,447.1874694824219,129.55038452148438
2023-12-07,193.32290649414062,450.5997009277344,136.43540954589844
2023-12-08,194.75587463378906,452.536865234375,134.50242614746094
2023-12-11,192.2382049560547,454.29705810546875,132.8085479736328
2023-12-12,193.76077270507812,456.3719482421875,132.0413360595703
2023-12-13,196.9949188232422,462.66534423828125,132.09117126464844
2023-12-14,197.14418029785156,464.1502380371094,131.4634246826172
2023-12-15,196.60682678222656,463.385986328125,132.1210479736328
2023-12-18,194.93499755859375,465.9925842285156,135.3094940185547
2023-12-19,195.9799041748047,468.82623291015625,136.1564178466797
2023-12-20,193.88018798828125,462.3295593261719,137.84031677246094
2023-12-21,193.7308807373047,466.71331787109375,139.9127960205078
2023-12-22,192.6561737060547,467.6512756347656,140.97894287109375
2023-12-26,192.10885620117188,469.6259765625,141.0088348388672
2023-12-27,192.2083740234375,470.47509765625,139.86297607421875
2023-12-28,192.6362762451172,470.65277099609375,139.72348022460938
2023-12-29,191.59136962890625,469.2902526855469,139.18544006347656
2024-01-02,184.7349853515625,466.6639404296875,137.67092895507812
2024-01-03,183.35174560546875,462.85284423828125,138.418212890625
2024-01-04,181.02316284179688,461.3619384765625,135.89735412597656
2024-01-05,180.2967071533203,461.993896484375,135.23974609375
2024-01-08,184.65536499023438,468.58929443359375,138.3385009765625
2024-01-09,184.23741149902344,467.8783874511719,140.44090270996094
2024-01-10,185.2823028564453,470.5244445800781,141.76608276367188
2024-01-11,184.68521118164062,470.317138671875,141.5668182373047
2024-01-12,185.0135955810547,470.64288330078125,142.13473510742188
2024-01-16,182.73477172851562,468.9150695800781,141.97532653808594
2024-01-17,181.78939819335938,466.30853271484375,140.9590301513672
2024-01-18,187.7104034423828,470.455322265625,142.9617462158203
2024-01-19,190.62611389160156,476.3200988769531,145.85128784179688
2024-01-22,192.9447479248047,477.32720947265625,145.4626922607422
2024-01-23,194.22845458984375,478.7193298339844,146.50889587402344
2024-01-24,193.55177307128906,479.24261474609375,148.16290283203125
2024-01-25,193.22340393066406,481.84918212890625,151.32144165039062
2024-01-26,191.48193359375,481.237060546875,151.64028930664062
2024-01-29,190.7952880859375,485.0481262207031,152.9555206298828
2024-01-30,187.12326049804688,484.6729431152344,150.91293334960938
2024-01-31,183.5010223388672,476.7643737792969,139.59396362304688
2024-02-01,185.94903564453125,483.00439453125,140.650146484375
2024-02-02,184.94395446777344,488.08917236328125,141.86573791503906
2024-02-05,186.76502990722656,486.31195068359375,143.1610107421875
2024-02-06,188.37713623046875,487.7238464355469,143.57952880859375
2024-02-07,188.48660278320312,491.7916564941406,145.01431274414062
2024-02-08,187.40191650390625,492.0088806152344,145.3829803466797
2024-02-09,188.16912841796875,494.8523864746094,148.46182250976562
2024-02-12,186.4752655029297,494.6351623535156,146.9971160888672
2024-02-13,184.37286376953125,487.8225402832031,144.61575317382812
2024-02-14,183.48606872558594,492.2557067871094,145.41287231445312
2024-02-15,183.19712829589844,495.65216064453125,142.2543182373047
2024-02-16,181.65269470214844,493.1838073730469,140.012451171875
2024-02-20,180.90541076660156,490.4686279296875,140.6102752685547
2024-02-21,181.66268920898438,490.9128723144531,142.0351104736328
2024-02-22,183.70529174804688,501.07257080078125,143.56954956054688
2024-02-23,181.86195373535156,501.41815185546875,143.4400177001953
2024-02-26,180.50685119628906,499.5816955566406,137.0731201171875
2024-02-27,181.9715576171875,500.5097961425781,138.37835693359375
2024-02-28,180.76593017578125,499.84832763671875,135.8874053955078
2024-02-29,180.0983428955078,501.6452331542969,137.95989990234375
2024-03-01,179.01226806640625,506.35479736328125,136.6446533203125
2024-03-04,174.46871948242188,505.8117980957031,132.86834716796875
2024-03-05,169.50665283203125,500.75665283203125,132.1907958984375
2024-03-06,168.51025390625,503.2940979003906,130.9253692626953
2024-03-07,168.39068603515625,508.2900085449219,133.89462280273438
2024-03-08,170.1144561767578,505.2391357421875,134.9208984375
2024-03-11,172.12718200683594,504.8047180175781,137.1727294921875
2024-03-12,172.60543823242188,510.2351379394531,137.99974060058594
2024-03-13,170.51303100585938,509.4352722167969,139.28506469726562
2024-03-14,172.37628173828125,508.42828369140625,142.5831298828125
2024-03-15,171.9976348876953,504.9371032714844,140.6700439453125
2024-03-18,173.09368896484375,507.93798828125,147.14657592773438
2024-03-19,175.44517517089844,510.76068115234375,146.49893188476562
2024-03-20,178.0258331298828,515.48486328125,148.2027587890625
2024-03-21,170.75213623046875,517.1883544921875,147.06687927246094
2024-03-22,171.65887451171875,516.2078247070312,150.22543334960938
2024-03-25,170.23403930664062,514.7816772460938,149.5279541015625
2024-03-26,169.09814453125,513.8309326171875,150.1257781982422
2024-03-27,172.68516540527344,518.1490478515625,150.32504272460938
2024-03-28,170.86175537109375,518.050048828125,150.3848419189453
2024-04-01,169.41697692871094,517.148681640625,154.92837524414062
2024-04-02,168.2312774658203,513.860595703125,154.00172424316406
2024-04-03,169.03834533691406,514.4251098632812,154.3604278564453
2024-04-04,168.2113494873047,508.14599609375,149.98629760742188
2024-04-05,168.96861267089844,513.45458984375,151.9491729736328
2024-04-08,167.84268188476562,513.74169921875,154.29067993164062
2024-04-09,169.05828857421875,514.3359985351562,156.03436279296875
2024-04-10,167.17510986328125,509.1859130859375,155.57601928710938
2024-04-11,174.40892028808594,513.0286254882812,158.83421325683594
2024-04-12,175.91348266601562,505.9472961425781,157.1602783203125
2024-04-15,172.0673828125,499.6087341308594,154.3006591796875
2024-04-16,168.76934814453125,498.69757080078125,153.84230041503906
2024-04-17,167.39430236816406,495.7461242675781,154.908447265625
2024-04-18,166.437744140625,494.72601318359375,155.4464874267578
2024-04-19,164.40512084960938,490.4078674316406,153.53341674804688
2024-04-22,165.24209594726562,494.9241027832031,155.71551513671875
2024-04-23,166.2982635498047,500.7972106933594,157.6883544921875
2024-04-24,168.41064453125,500.55950927734375,158.55523681640625
2024-04-25,169.27749633789062,498.6579284667969,155.4365234375
2024-04-26,168.6896209716797,503.3821716308594,171.3289337158203
2024-04-29,172.8744659423828,505.1648864746094,165.54986572265625
2024-04-30,169.71591186523438,497.1624450683594,162.19204711914062
2024-05-01,168.6896209716797,495.5480651855469,163.26812744140625
2024-05-02,172.4061737060547,500.1831359863281,166.01815795898438
2024-05-03,182.71884155273438,506.3830871582031,166.63592529296875
2024-05-06,181.0548858642578,511.6124572753906,167.4928436279297
2024-05-07,181.7423858642578,512.1769409179688,170.63143920898438
2024-05-08,182.08116149902344,512.2264404296875,168.76821899414062
2024-05-09,183.9045867919922,515.1777954101562,169.3461151123047
2024-05-10,182.63743591308594,515.8414916992188,168.0408477783203
2024-05-13,185.86013793945312,515.9107055664062,168.52906799316406
2024-05-14,187.00755310058594,518.2777709960938,169.7247314453125
2024-05-15,189.2924041748047,524.6956787109375,171.88690185546875
2024-05-16,189.41212463378906,523.6160888671875,173.5508575439453
2024-05-17,189.44204711914062,524.3687744140625,175.424072265625
2024-05-20,190.6094207763672,524.9729614257812,176.28097534179688
2024-05-21,191.91647338867188,526.2603759765625,177.20761108398438
2024-05-22,190.4697265625,524.7451171875,175.742919921875
2024-05-23,186.45880126953125,520.9122924804688,172.9231414794922
2024-05-24,189.5518035888672,524.3589477539062,174.35794067382812
2024-05-28,189.56178283691406,524.7252807617188,175.76284790039062
2024-05-29,189.86111450195312,521.0509643554688,175.2646484375
2024-05-30,190.85885620117188,517.5944213867188,171.4883575439453
2024-05-31,191.81668090820312,522.3087768554688,171.87692260742188
2024-06-03,193.59268188476562,522.7345581054688,172.5445098876953
2024-06-04,193.91195678710938,523.3189697265625,173.16226196289062
2024-06-05,195.42852783203125,529.5386352539062,174.7764434814453
2024-06-06,194.0416717529297,529.52880859375,176.09164428710938
2024-06-07,196.44622802734375,528.885009765625,173.82986450195312
2024-06-10,192.68472290039062,530.5191650390625,174.5780029296875
2024-06-11,206.68310546875,531.7968139648438,176.18402099609375
2024-06-12,212.58978271484375,536.1644897460938,177.3511199951172
2024-06-13,213.75714111328125,537.2440185546875,174.72763061523438
2024-06-14,212.01107788085938,537.5709228515625,176.3535919189453
2024-06-17,216.18165588378906,541.849365234375,176.802490234375
2024-06-18,213.8070068359375,543.22607421875,174.65780639648438
2024-06-20,209.2073974609375,541.7503662109375,175.8648223876953
2024-06-21,207.02235412597656,541.0240478515625,179.1865997314453
2024-06-24,207.67088317871094,539.265380859375,178.77760314941406
2024-06-25,208.59878540039062,541.3419799804688,183.5757293701172
2024-06-26,212.7693634033203,542.0176391601562,183.4261016845703
2024-06-27,213.61746215820312,542.8721313476562,184.95233154296875
2024-06-28,210.14527893066406,540.7359008789062,181.70037841796875
2024-07-01,216.261474609375,541.8487548828125,182.53831481933594
2024-07-02,219.77354431152344,545.4953002929688,184.78274536132812
2024-07-03,221.0506591796875,547.9295654296875,185.361328125
2024-07-05,225.82984924316406,551.0891723632812,190.1295166015625
2024-07-08,227.30653381347656,551.72509765625,188.56338500976562
2024-07-09,228.16458129882812,552.2616577148438,188.51351928710938
2024-07-10,232.45489501953125,557.7264404296875,190.70806884765625
2024-07-11,227.05709838867188,552.9174194335938,185.1119384765625
2024-07-12,230.0203857421875,556.4049072265625,184.61317443847656
2024-07-15,233.87168884277344,557.93505859375,186.06954956054688
2024-07-16,234.29074096679688,561.2437133789062,183.46600341796875
2024-07-17,228.3641357421875,553.37451171875,180.5731658935547
2024-07-18,223.6747283935547,549.121826171875,177.2513885498047
2024-07-19,223.80442810058594,545.4754028320312,177.22146606445312
2024-07-22,223.45523071289062,551.0991821289062,181.2215576171875
2024-07-23,224.5028533935547,550.2346801757812,181.3412628173828
2024-07-24,218.0474395751953,537.7650146484375,172.20387268066406
2024-07-25,216.99981689453125,534.9630737304688,166.86708068847656
2024-07-26,217.46875,540.9545288085938,166.5877685546875
2024-07-29,217.7481231689453,541.2724609375,169.1115264892578
2024-07-30,218.30685424804688,538.5301513671875,169.86964416503906
2024-07-31,221.5794677734375,547.2837524414062,171.11656188964844
2024-08-01,217.8678436279297,539.5336303710938,170.33848571777344
2024-08-02,219.36447143554688,529.4884033203125,166.2486114501953
2024-08-05,208.79833984375,514.0677490234375,158.85690307617188
2024-08-06,206.762939453125,518.8072509765625,157.89926147460938
2024-08-07,209.34710693359375,515.3394775390625,158.54766845703125
2024-08-08,212.8292236328125,527.2528076171875,161.63003540039062
2024-08-09,215.7526397705078,529.5777587890625,163.2659912109375
2024-08-12,217.2909393310547,529.8560180664062,161.88938903808594
2024-08-13,221.02682495117188,538.5698852539062,163.75477600097656
2024-08-14,221.47633361816406,540.2689208984375,159.97412109375
2024-08-15,224.47303771972656,549.5292358398438,160.90184020996094
2024-08-16,225.80157470703125,550.7612915039062,162.5577392578125
2024-08-19,225.64175415039062,556.02734375,166.25857543945312
2024-08-20,226.2610626220703,555.1232299804688,166.76731872558594
2024-08-21,226.15118408203125,557.0308837890625,165.44061279296875
2024-08-22,224.2832489013672,552.6590576171875,163.39566040039062
2024-08-23,226.5906982421875,558.5311889648438,165.21116638183594
2024-08-26,226.93032836914062,557.1997680664062,165.74984741210938
2024-08-27,227.77938842773438,557.9649047851562,164.27349853515625
2024-08-28,226.2410888671875,554.7257690429688,162.44802856445312
2024-08-29,229.53746032714844,554.775390625,161.3806610107422
2024-08-30,228.7483367919922,560.0712890625,162.97671508789062
2024-09-03,222.52517700195312,548.5455932617188,156.97157287597656
2024-09-04,220.6072998046875,547.4228515625,156.06381225585938
2024-09-05,222.13560485839844,546.0914306640625,156.85186767578125
2024-09-06,220.57733154296875,536.9005737304688,150.54745483398438
2024-09-09,220.66722106933594,542.9118041992188,148.53976440429688
2024-09-10,219.86810302734375,545.2766723632812,148.4898223876953
2024-09-11,222.41529846191406,550.8705444335938,150.98695373535156
2024-09-12,222.52517700195312,555.5107421875,154.51292419433594
2024-09-13,222.25547790527344,558.4119873046875,157.27975463867188
2024-09-16,216.082275390625,559.2366943359375,157.87905883789062
2024-09-17,216.55174255371094,559.4652099609375,159.1376190185547
2024-09-18,220.4474639892578,557.8059692382812,159.62705993652344
2024-09-19,228.61846923828125,567.3245849609375,161.9543914794922
2024-09-20,227.94920349121094,566.3438720703125,163.40272521972656
2024-09-23,226.2211151123047,567.7590942382812,161.6647186279297
2024-09-24,227.1201171875,569.3836059570312,162.1042022705078
2024-09-25,226.1212158203125,568.1278686523438,161.3051300048828
2024-09-26,227.26995849609375,570.3803100585938,162.543701171875
2024-09-27,227.53965759277344,569.5530395507812,163.76231384277344
2024-09-30,232.7439422607422,571.8353881835938,165.66014099121094
2024-10-01,225.96141052246094,566.712646484375,166.79884338378906
2024-10-02,226.53077697753906,566.9518432617188,165.67013549804688
2024-10-03,225.42198181152344,565.9153442382812,165.67013549804688
2024-10-04,226.55075073242188,571.0579833984375,166.86875915527344
2024-10-07,221.4463653564453,565.8953857421875,162.79342651367188
2024-10-08,225.52188110351562,571.2473754882812,164.19183349609375
2024-10-09,229.28773498535156,575.2041015625,161.67471313476562
2024-10-10,228.7882843017578,574.1974487304688,161.8944549560547
2024-10-11,227.2999267578125,577.6358642578125,163.05313110351562
2024-10-14,231.04580688476562,582.3599853515625,164.7711639404297
2024-10-15,233.59300231933594,577.835205078125,165.27059936523438
2024-10-16,231.5252685546875,580.3467407226562,164.97093200683594
2024-10-17,231.89486694335938,580.3965454101562,162.74346923828125
2024-10-18,234.74172973632812,582.6290893554688,163.23292541503906
2024-10-21,236.22010803222656,581.6723022460938,163.88218688964844
2024-10-22,235.60079956054688,581.3633422851562,164.95095825195312
2024-10-23,230.5063934326172,576.0512084960938,162.59365844726562
2024-10-24,230.31661987304688,577.2969970703125,162.53372192382812
2024-10-25,231.1556854248047,577.09765625,165.080810546875
2024-10-28,233.14349365234375,578.8817138671875,166.52914428710938
2024-10-29,233.41319274902344,579.8185424804688,169.48574829101562
2024-10-30,229.8471221923828,578.064453125,174.26028442382812
2024-10-31,225.66172790527344,566.7326049804688,170.91412353515625
2024-11-01,222.66502380371094,569.12451171875,171.09390258789062
2024-11-04,221.76600646972656,567.8986206054688,169.0462646484375
2024-11-05,223.2044219970703,574.7655639648438,169.5457000732422
2024-11-06,222.47523498535156,589.0574340820312,176.3079376220703
2024-11-07,227.22999572753906,593.612060546875,180.5430908203125
2024-11-08,226.9600067138672,596.1834716796875,178.14584350585938
2024-11-11,224.22999572753906,596.7515258789062,180.1435546875
2024-11-12,224.22999572753906,594.8978271484375,181.41207885742188
2024-11-13,225.1199951171875,595.1868286132812,178.67523193359375
2024-11-14,228.22000122070312,591.3596801757812,175.37899780273438
2024-11-15,225.0,583.78515625,172.29254150390625
2024-11-18,228.02000427246094,586.1771240234375,175.0993194580078
2024-11-19,228.27999877929688,588.3198852539062,177.9160919189453
2024-11-20,229.0,588.5192260742188,175.77853393554688
2024-11-21,228.52000427246094,591.6785888671875,167.4381103515625
2024-11-22,229.8699951171875,593.512451171875,164.57138061523438
2024-11-25,232.8699951171875,595.5256958007812,167.45806884765625
2024-11-26,235.05999755859375,598.6351928710938,168.9263916015625
2024-11-27,234.92999267578125,596.8212890625,169.03627014160156
2024-11-29,237.3300018310547,600.52880859375,168.756591796875
2024-12-02,239.58999633789062,601.605224609375,171.29368591308594
2024-12-03,242.64999389648438,601.8842163085938,171.1438446044922
2024-12-04,243.00999450683594,605.6216430664062,174.17037963867188
2024-12-05,243.0399932861328,604.625,172.44236755371094
2024-12-06,242.83999633789062,605.7711791992188,174.510009765625
2024-12-09,246.75,602.6516723632812,175.3699951171875
2024-12-10,247.77000427246094,600.7779541015625,185.1699981689453
2024-12-11,246.49000549316406,605.42236328125,195.39999389648438
2024-12-12,247.9600067138672,602.3028564453125,191.9600067138672
2024-12-13,248.1300048828125,602.1832885742188,189.82000732421875
2024-12-16,251.0399932861328,604.7545776367188,196.66000366210938
2024-12-17,253.47999572753906,602.262939453125,195.4199981689453
2024-12-18,248.0500030517578,584.3134155273438,188.39999389648438
2024-12-19,249.7899932861328,584.1339721679688,188.50999450683594
2024-12-20,254.49000549316406,591.1500244140625,191.41000366210938
2024-12-23,255.27000427246094,594.6900024414062,194.6300048828125
2024-12-24,258.20001220703125,601.2999877929688,196.11000061035156
2024-12-26,259.0199890136719,601.3400268554688,195.60000610351562
2024-12-27,255.58999633789062,595.010009765625,192.75999450683594
2024-12-30,252.1999969482422,588.219970703125,191.24000549316406
